<?xml version="1.0" encoding="utf-8"?>
<Window caption="0,0,0,30" sizebox="4,4,6,6" inset="0,0,0,0" 

inset="0,0,0,0" sizebox="18,18,18,18" showdirty="false" 
layered="false"
showshadow="false"
>
 <Font id="0" name="宋体" size="13" bold="false"/>
 <Font id="1" name="宋体" size="12"/>
 <Font id="2" name="宋体" size="30"/>
 <Font id="edit" name="宋体" size="22"/>
 <Font id="menu" name="Microsoft YaHei" size="18" shared="true"/>
 <Font id="subtitle" name="Microsoft YaHei" size="35" shared="true"/>
 <Font id="menu1" name="Microsoft YaHei" size="19" shared="true"/>
 <Font id="subtitle" name="Microsoft YaHei" size="50" shared="true"/>

	<style>
		 <Button
			id="btn_style"
			apply="true"
			shared="true"
			hotbkcolor="#2e008CFF" 
			pushedbkcolor="#34008CFF" 
			hotbordercolor="#34008CFF" 
			pushedbordercolor="#67008CFF" 
			bordersize="1"
		 />
		 <Default
			id="btn_wnd"
			apply="false"
			shared="true"
			pushedbkcolor="#ff333333" 
			hotbkcolor="#34ffffff" 
			bordersize="1"
			textcolor="#FFffffff" 
			width="55"
			font="menu"
		 />
    <Default
			id="btn_wnd1"
			apply="false"
     pushedbkcolor="#8effffff"
		 />
	</style>
 
 
<VBox bkcolor="#FF0078d7"
	clipchild="false" 
	vscrollbar="true"
	name="root"
	inset="5,5,5,5"
	>
	<HBox  bkcolor="#FF0078d7" height="35" name="topBar">
		<Button static="true" style="btn_wnd" style="btn_wnd1" width="34" bkimage="file='ic_launcher.png' size='24,24' align='center' " tooltip="无限播放器 WODPlayer"/>
		<HBox minWidth="45" >
			<HBox minWidth="45" name="menuBar" width="-2">
				<Button style="btn_wnd" id="110" text="文件"/>
				<Button style="btn_wnd" id="110" text="书签" />
			</HBox>
			
			<Pad weight="1"/>
			
			<Pad width="1" inset="0,5,0,5">
				<Pad bkcolor="#999"/>
			</Pad>
			<Label style="btn_wnd" name="titleBar" inset="5,0,0,0" text="123" width="-2"/>
			<Pad width="5"/>
			<Label style="btn_wnd" textcolor="#FF99ff99" bkcolor="#888888ff" inset="5" name="drive" text="FTP" width="-2" />
			<Pad width="3"/>
			<Label style="btn_wnd" textcolor="#FF99ff99" bkcolor="#888888ff" inset="5" name="mime" text="MPEGTS" width="-2" />
			<Pad weight="1"/>
		</HBox>
		<!--Control static="true"/-->
		<Button style="btn_wnd" id="110" text="—" style="btn_wnd1"/>
		<Button style="btn_wnd" id="111" text="☐" font="menu1" style="btn_wnd1"/>
		<Button style="btn_wnd" id="112" text="X" inset="0,1,0,0" pushedbkcolor="#8eff0000" />
	</HBox>
	
	<WinFrame height="-2" float="true" floatalign="top" name="topW">
		<BOX height="-2" name="topH"></BOX>
	</WinFrame>

	<Box>
    <_v height="0" name="ch0"/>


    <WinFrame float="1"  name="osd" dlgex="b100" floatalign="top" hitless="1" visible="0">
      <!--<VBox    bkcolor="#ff000100" xhitless="1" name="osd_inner">-->
      <VBox    bkcolor="#ff558855" hitless="1" name="osd_inner">
        <!--<RichEdit
          float="1"
          floatalign="bottom"
          
          height="-2"
          width="-1"
          
          name="subtitle"
          bkcolor="#FF000000"
          hotbkcolor="#ff000000"
          textcolor="#ffffffff"
          inset="0"
          multiline="true"
          wrap="true"
          font="edit"
	vscrollbar="true"
          readonly="true"
          
          align="center"
          fontSize="23"
          
          text="R:\ship\胡萝卜糊了yu - 李白乘舟将欲行，忽闻岸上牛马醒 - [24491265] - [2024-08-03] - [203101894].flv"
						/>-->



      <VBox height="-2" 
          float="1"
          floatalign="bottom"
            >
        
        <Edit
          
          height="-2"
          width="-1"
          
          name="subtitle"
          hotbkcolor="#ff000000"
          textcolor="#ffffffff"
          inset="0"
          multiline="true"
          wrap="true"
          font="subtitle"
					vscrollbar="true"
          
          align="center"
          readonly="true"
          nocursor="true"
          
          
          text="李白乘舟将欲行，忽闻岸上牛马醒"
					/>

        
					<PAD    hitless="1" height="25" name="bpad"/>
      </VBox>

      </VBox>
    </WinFrame>
    
  </Box>


	
	<WinFrame height="-2" name="ch1" floatalign="bottom">
		<VBox bkcolor="#FF555555"
			height="-2"
			>
			<HBox height="35">
        <Button style="btn_wnd" name="time" text="00:00:08" inset="5,0,0,0" width="-2"/>


        <Box width="0"  >
          <_s inset="0,10,0,10" minwidth="100" width="0" name="seekbar" barInset="10"/>
          <_s name="seekfloat" inset="0,10,0,10" width="250" 
              barInset="10" 
              bkcolor="cf333333"
              bordercolor="#bfffffff"
							bordersize="1"
              float="true"
              visible="false"
              />
        </Box>

        <Button style="btn_wnd" name="duration" text="00:00:08" inset="5,0,0,0" width="-2"/>
        
				<_s inset="0,10,0,10" width="100"  barInset="10"/>
			</HBox>
			
			<_t height="50" name="btns"/>
			
			<HBox  height="48"  static="true"    >
				<Button width="48" name="play" id="101" foreimage="play.png" />
				<Button width="48" name="stop" id="102"  foreimage="stop.png"/>
				<Button width="48" name="prev" id="103"  foreimage="prev.png"/>
				<Button width="48" name="nxt" id="104" foreimage="nxt.png"/>
        <Button width="48" name="nump"  text="1 / 4" style="btn_wnd" textcolor="#FF99ff99" width="-2" inset="10 0 0 10" borderinset="-10"/>
        <PAD width="2"/>
        <Button width="48" name="sel"  id="40052" text="未选中" style="btn_wnd" textcolor="#bbb" width="-2" inset="10" borderround="5" />
				<!--<Button width="48" name="folder" id="105" foreimage="folder.png"/>-->
        <PAD width="2"/>
        <Button width="48" name="sing" id="41040" foreimage="sync.png"   inset="10,0,0,10" borderround="5"   />

        <Button width="48" name="daytime"  text="2025-01-15 17:11:09" style="btn_wnd"  width="-2" inset="10" borderround="5" />
        <!--Control static="true" bkcolor="#FF050555"/-->
			</HBox>
			<!--btnlst height="-2"/-->
		</VBox>
	</WinFrame>


</VBox>



</Window>